{
  "ensemble": {
    "brier": 0.23405890060743578,
    "accuracy": 0.7732884399551067,
    "ece": 0.237932473311823,
    "log_loss": 0.7870917231651439
  },
  "meta_coefficients": {
    "xgb_main": 2.289737906359034,
    "lgb_main": 1.8443108906554018,
    "lr_baseline": 1.8366732937900738,
    "prior_diff": 0.0
  }
}